replica,scenario,frames_total,frames_used,skip_first,persons_unique_postwarmup,persons_mean_postwarmup,persons_max_postwarmup,fps_mean,fps_min,fps_max,fps_cv,gt_source,frames_eval_gt,frames_correct,frames_under,frames_over,Acc_S2,R_under,R_over,MAE_count,RMSE_count,response_time_ms_mean,response_time_ms_p95,response_time_ms_min,response_time_ms_max
S2_R1,S2,243,223,20,"2,3",2.484304932735426,3.0,9.201902067339766,8.030421680095744,10.091463307681916,0.04968931490279,ground_truth.csv,223,219,4,0,0.9820627802690582,0.0179372197309417,0.0,0.0179372197309417,0.133929906036485,110.4516811969569,129.78017330169678,82.24010467529297,172.84083366394043
S2_R2,S2,247,227,20,"2,3",2.4317180616740086,3.0,8.936914186504557,8.116270489957271,10.200193780295528,0.050907319091261,ground_truth.csv,227,221,1,5,0.973568281938326,0.0044052863436123,0.0220264317180616,0.026431718061674,0.1625783443810214,113.34436055322053,129.2484760284424,82.24797248840332,163.37108612060547
S2_R3,S2,250,230,20,"2,3",2.7,3.0,9.090341294250493,7.598137548604935,10.89570116784694,0.0737566299895949,ground_truth.csv,230,216,3,11,0.9391304347826088,0.0130434782608695,0.0478260869565217,0.0608695652173913,0.2467175818975844,113.34649168926737,133.4068775177002,81.16602897644043,377.2892951965332
